Rk,Player,Tm,2021-22,2022-23,2023-24,2024-25,2025-26,2026-27,Signed Using,Guaranteed
1,Stephen Curry\curryst01,GSW," $45,780,966.00 "," $48,070,014.00 "," $51,915,615.00 "," $55,761,216.00 "," $59,606,817.00 ",,Bird Rights," $261,134,628.00 "
2,John Wall\walljo01,HOU," $44,310,840.00 "," $47,366,760.00 ",,,,,Bird Rights," $44,310,840.00 "
3,Russell Westbrook\westbru01,LAL," $44,211,146.00 "," $47,063,478.00 ",,,,,Bird Rights," $44,211,146.00 "
4,James Harden\hardeja01,PHI," $43,848,000.00 "," $46,872,000.00 ",,,,,Bird Rights," $43,848,000.00 "
5,LeBron James\jamesle01,LAL," $41,180,544.00 "," $44,474,988.00 ",,,,,Bird," $85,655,532.00 "
6,Kevin Durant\duranke01,BRK," $40,918,900.00 "," $42,969,845.00 "," $42,969,845.00 "," $49,856,021.00 "," $53,282,609.00 ",,Sign and Trade," $229,997,220.00 "
7,Giannis Antetokounmpo\antetgi01,MIL," $39,344,970.00 "," $42,492,568.00 "," $45,640,165.00 "," $48,787,763.00 "," $51,935,360.00 ",,Bird," $176,265,466.00 "
8,Paul George\georgpa01,LAC," $39,344,970.00 "," $42,492,568.00 "," $45,640,165.00 "," $48,787,763.00 ",,,Bird," $127,477,703.00 "
9,Damian Lillard\lillada01,POR," $39,344,900.00 "," $42,492,492.00 "," $45,640,084.00 "," $48,787,676.00 ",,,1st Round Pick," $176,265,152.00 "
10,Kawhi Leonard\leonaka01,LAC," $39,344,900.00 "," $42,492,492.00 "," $45,640,084.00 "," $48,787,676.00 ",,,Early Bird," $127,477,476.00 "
11,Klay Thompson\thompkl01,GSW," $37,980,720.00 "," $40,600,080.00 "," $43,219,440.00 ",,,,Bird Rights," $121,800,240.00 "
12,Jimmy Butler\butleji01,MIA," $36,016,200.00 "," $37,653,300.00 "," $45,183,960.00 "," $48,798,677.00 "," $52,413,394.00 ",,Sign and Trade," $167,652,137.00 "
13,Tobias Harris\harrito02,PHI," $36,000,000.00 "," $38,482,759.00 "," $40,965,517.00 ",,,,Bird Rights," $115,448,276.00 "
14,Khris Middleton\middlkh01,MIL," $35,500,000.00 "," $37,948,276.00 "," $40,396,552.00 ",,,,Bird Rights," $73,448,276.00 "
15,Anthony Davis\davisan02,LAL," $35,361,360.00 "," $37,980,720.00 "," $40,600,080.00 "," $43,219,440.00 ",,,Bird," $113,942,160.00 "
16,Rudy Gobert\goberru01,UTA," $35,344,828.00 "," $38,172,414.00 "," $41,000,000.00 "," $43,827,587.00 "," $46,655,173.00 ",,Bird," $158,344,829.00 "
17,Kyrie Irving\irvinky01,BRK," $34,916,200.00 "," $36,503,300.00 ",,,,,Cap space," $34,916,200.00 "
18,Bradley Beal\bealbr01,WAS," $34,502,130.00 "," $37,262,300.00 ",,,,,Cap Space," $34,502,130.00 "
19,Kristaps Porziņģis\porzikr01,WAS," $31,650,600.00 "," $33,833,400.00 "," $36,016,200.00 ",,,,Bird Rights," $65,484,000.00 "
20,Devin Booker\bookede01,PHO," $31,610,000.00 "," $33,790,000.00 "," $35,970,000.00 ",,,,1st round pick," $101,370,000.00 "
21,Karl-Anthony Towns\townska01,MIN," $31,610,000.00 "," $33,790,000.00 "," $35,970,000.00 ",,,,1st Round Pick," $101,370,000.00 "
22,Jamal Murray\murraja01,DEN," $31,590,000.00 "," $33,930,000.00 "," $36,270,000.00 "," $38,610,000.00 ",,,1st Round pick," $140,400,000.00 "
23,Ben Simmons\simmobe01,BRK," $31,590,000.00 "," $33,930,000.00 "," $36,270,000.00 "," $38,610,000.00 ",,,1st Round pick," $140,400,000.00 "
24,Joel Embiid\embiijo01,PHI," $31,579,390.00 "," $33,616,770.00 "," $43,732,500.00 "," $47,231,100.00 "," $50,729,700.00 "," $54,228,300.00 ",1st Round Pick," $206,889,460.00 "
25,Andrew Wiggins\wiggian01,GSW," $31,579,390.00 "," $33,616,770.00 ",,,,,1st Round Pick," $65,196,160.00 "
26,Pascal Siakam\siakapa01,TOR," $31,320,000.00 "," $33,640,000.00 "," $35,960,000.00 ",,,,1st Round pick," $100,920,000.00 "
27,Kevin Love\loveke01,CLE," $31,300,000.00 "," $28,900,000.00 ",,,,,Bird Rights," $60,200,000.00 "
28,CJ McCollum\mccolcj01,NOP," $30,864,198.00 "," $33,333,333.00 "," $35,802,469.00 ",,,,1st Round Pick," $100,000,000.00 "
29,Chris Paul\paulch01,PHO," $30,800,000.00 "," $28,400,000.00 "," $30,800,000.00 "," $30,000,000.00 ",,,Bird," $75,000,000.00 "
30,Nikola Jokić\jokicni01,DEN," $30,510,423.00 "," $32,478,837.00 ",,,,,Bird Rights," $62,989,260.00 "
31,Jrue Holiday\holidjr01,MIL," $30,133,333.00 "," $32,393,333.00 "," $34,653,333.00 "," $36,913,333.00 ",,,Bird," $97,179,999.00 "
32,D'Angelo Russell\russeda01,MIN," $30,013,500.00 "," $31,377,750.00 ",,,,,Sign and Trade," $61,391,250.00 "
33,Gordon Hayward\haywago01,CHO," $29,900,000.00 "," $30,100,000.00 "," $31,500,000.00 ",,,,Sign and Trade," $91,500,000.00 "
34,Blake Griffin\griffbl01,DET," $32,405,817.00 ",,,,,,," $29,764,126.00 "
35,Brandon Ingram\ingrabr01,NOP," $29,467,800.00 "," $31,650,600.00 "," $33,833,400.00 "," $36,016,200.00 ",,,Bird," $130,968,000.00 "
36,De'Aaron Fox\foxde01,SAC," $28,103,550.00 "," $30,351,834.00 "," $32,600,118.00 "," $34,848,402.00 "," $37,096,686.00 ",,Bird," $163,000,590.00 "
37,Bam Adebayo\adebaba01,MIA," $28,103,550.00 "," $30,351,834.00 "," $32,600,118.00 "," $34,848,402.00 "," $37,096,686.00 ",,Bird," $163,000,590.00 "
38,Donovan Mitchell\mitchdo01,UTA," $28,103,550.00 "," $30,351,834.00 "," $32,600,118.00 "," $34,848,402.00 "," $37,096,686.00 ",,Bird," $125,903,904.00 "
39,Jayson Tatum\tatumja01,BOS," $28,103,550.00 "," $30,351,834.00 "," $32,600,118.00 "," $34,848,402.00 "," $37,096,686.00 ",,Bird," $125,903,904.00 "
40,Al Horford\horfoal01,BOS," $27,000,000.00 "," $26,500,000.00 ",,,,,Cap Space," $41,500,000.00 "
41,Kyle Lowry\lowryky01,MIA," $26,984,128.00 "," $28,333,334.00 "," $29,682,540.00 ",,,,Bird," $85,000,002.00 "
42,Kemba Walker\walkeke02,OKC," $8,729,020.00 "," $9,165,471.00 ",,,,,," $53,669,500.00 "
43,DeMar DeRozan\derozde01,CHI," $26,000,000.00 "," $27,300,000.00 "," $28,600,000.00 ",,,,Sign and Trade," $81,900,000.00 "
44,Jaylen Brown\brownja02,BOS," $24,830,357.00 "," $26,669,643.00 "," $28,508,929.00 ",,,,1st Round pick," $80,008,929.00 "
45,Draymond Green\greendr01,GSW," $24,026,712.00 "," $25,806,469.00 "," $27,586,225.00 ",,,,Bird Rights," $49,833,181.00 "
46,Nikola Vučević\vucevni01,CHI," $24,000,000.00 "," $22,000,000.00 ",,,,,Bird Rights," $46,000,000.00 "
47,John Collins\collijo01,ATL," $23,000,000.00 "," $23,500,000.00 "," $25,340,000.00 "," $26,580,000.00 "," $26,580,000.00 ",,Bird," $125,000,000.00 "
48,Buddy Hield\hieldbu01,IND," $22,477,273.00 "," $20,522,727.00 "," $18,568,182.00 ",,,,1st Round pick," $61,568,182.00 "
49,Malcolm Brogdon\brogdma01,IND," $21,700,000.00 "," $22,600,000.00 "," $21,634,615.00 "," $23,365,385.00 ",,,Sign and Trade," $89,300,000.00 "
50,Tim Hardaway Jr.\hardati02,DAL," $21,306,816.00 "," $19,602,273.00 "," $17,897,728.00 "," $16,193,183.00 ",,,Bird," $75,000,000.00 "
51,Mike Conley\conlemi01,UTA," $21,000,000.00 "," $22,680,000.00 "," $24,360,000.00 ",,,,Bird," $58,000,000.00 "
52,Gary Harris\harriga01,ORL," $20,482,143.00 ",,,,,,1st Round Pick," $20,482,143.00 "
53,Danilo Gallinari\gallida01,ATL," $20,475,000.00 "," $21,450,000.00 ",,,,,Sign and Trade," $25,475,000.00 "
54,Harrison Barnes\barneha02,SAC," $20,284,091.00 "," $18,352,273.00 ",,,,,Bird Rights," $38,636,364.00 "
55,Jarrett Allen\allenja01,CLE," $20,000,000.00 "," $20,000,000.00 "," $20,000,000.00 "," $20,000,000.00 "," $20,000,000.00 ",,Bird," $100,000,000.00 "
56,Jerami Grant\grantje01,DET," $20,000,000.00 "," $20,952,381.00 ",,,,,Sign and Trade," $40,952,381.00 "
57,Julius Randle\randlju01,NYK," $19,800,000.00 "," $23,760,000.00 "," $25,660,800.00 "," $27,561,600.00 "," $29,462,400.00 ",,Cap Space," $96,782,400.00 "
58,Fred VanVleet\vanvlfr01,TOR," $19,675,926.00 "," $21,250,000.00 "," $22,824,074.00 ",,,,Bird," $40,925,926.00 "
59,Zach LaVine\lavinza01,CHI," $19,500,000.00 ",,,,,,Cap space," $19,500,000.00 "
60,Goran Dragić\dragigo01,SAS," $19,440,000.00 ",,,,,,," $19,440,000.00 "
61,Bojan Bogdanović\bogdabo02,UTA," $18,700,000.00 "," $19,550,000.00 ",,,,,Cap Space," $38,250,000.00 "
62,Lonzo Ball\balllo01,CHI," $18,604,651.00 "," $19,534,884.00 "," $20,465,117.00 "," $21,395,348.00 ",,,Sign and Trade," $58,604,652.00 "
63,Domantas Sabonis\sabondo01,SAC," $18,562,500.00 "," $19,937,500.00 "," $21,312,500.00 ",,,,1st Round pick," $59,812,500.00 "
64,Eric Gordon\gordoer01,HOU," $18,218,818.00 "," $19,568,360.00 "," $20,917,902.00 ",,,,Cap Space," $37,787,178.00 "
65,Evan Fournier\fournev01,NYK," $18,139,535.00 "," $19,046,512.00 "," $19,953,488.00 "," $20,860,465.00 ",,,Sign and Trade," $57,139,535.00 "
66,Eric Bledsoe\bledser01,POR," $18,125,000.00 "," $19,375,000.00 ",,,,,Bird Rights," $22,025,000.00 "
67,Myles Turner\turnemy01,IND," $18,000,000.00 "," $18,000,000.00 ",,,,,1st Round pick," $36,000,000.00 "
68,Bogdan Bogdanović\bogdabo01,ATL," $18,000,000.00 "," $18,000,000.00 "," $18,000,000.00 ",,,,Cap Space," $36,000,000.00 "
69,Terry Rozier\roziete01,CHO," $17,905,263.00 "," $21,486,316.00 "," $23,205,221.00 "," $24,924,126.00 "," $26,643,031.00 ",,Sign and Trade," $114,163,957.00 "
70,Ricky Rubio\rubiori01,IND," $17,809,524.00 ",,,,,,Cap Space," $17,809,524.00 "
71,Caris LeVert\leverca01,CLE," $17,500,000.00 "," $18,796,296.00 ",,,,,1st Round pick," $36,296,296.00 "
72,Jonathan Isaac\isaacjo01,ORL," $17,400,000.00 "," $17,400,000.00 "," $17,400,000.00 "," $17,400,000.00 ",,,Bird," $69,600,000.00 "
73,Joe Harris\harrijo01,BRK," $17,357,143.00 "," $18,642,857.00 "," $19,928,571.00 ",,,,Bird," $55,928,571.00 "
74,Spencer Dinwiddie\dinwisp01,DAL," $17,142,857.00 "," $18,000,000.00 "," $18,857,143.00 ",,,,Sign and Trade," $45,142,857.00 "
75,Clint Capela\capelca01,ATL," $17,103,448.00 "," $18,206,897.00 "," $20,616,000.00 "," $22,265,280.00 ",,,Bird Rights," $78,191,625.00 "
76,Steven Adams\adamsst01,MEM," $17,073,171.00 "," $17,926,829.00 ",,,,,1st Round Pick," $35,000,000.00 "
77,Markelle Fultz\fultzma01,ORL," $16,500,000.00 "," $16,500,000.00 "," $17,000,000.00 ",,,,Bird," $35,000,000.00 "
78,Aaron Gordon\gordoaa01,DEN," $16,409,091.00 "," $19,690,909.00 "," $21,266,182.00 "," $22,841,455.00 "," $22,841,455.00 ",,Bird Rights," $80,207,637.00 "
79,OG Anunoby\anunoog01,TOR," $16,071,429.00 "," $17,357,143.00 "," $18,642,857.00 "," $19,928,571.00 ",,,Bird," $52,071,429.00 "
80,Dāvis Bertāns\bertada01,DAL," $16,000,000.00 "," $16,000,000.00 "," $17,000,000.00 "," $16,000,000.00 ",,,Bird," $60,000,000.00 "
81,Gary Trent Jr.\trentga02,TOR," $16,000,000.00 "," $17,280,000.00 "," $18,560,000.00 ",,,,Bird," $33,280,000.00 "
82,Lauri Markkanen\markkla01,CLE," $15,690,909.00 "," $16,475,454.00 "," $17,259,999.00 "," $18,044,544.00 ",,,Sign and Trade," $55,426,362.00 "
83,Marcus Morris\morrima03,LAC," $15,627,907.00 "," $16,372,093.00 "," $17,116,279.00 ",,,,Non Bird," $49,116,279.00 "
84,Duncan Robinson\robindu01,MIA," $15,560,000.00 "," $16,902,000.00 "," $18,154,000.00 "," $19,406,000.00 "," $19,888,000.00 ",,Bird," $79,910,000.00 "
85,Norman Powell\powelno01,LAC," $15,517,242.00 "," $16,758,621.00 "," $18,000,000.00 "," $19,241,379.00 "," $20,482,758.00 ",,Bird," $90,000,000.00 "
86,Dejounte Murray\murrade01,SAS," $15,428,571.00 "," $16,571,429.00 "," $17,714,286.00 ",,,,1st Round pick," $49,714,286.00 "
87,Will Barton\bartowi01,DEN," $15,384,615.00 "," $16,615,385.00 ",,,,,Bird," $32,000,000.00 "
88,Derrick White\whitede01,BOS," $15,178,571.00 "," $16,392,857.00 "," $17,607,143.00 "," $18,821,429.00 ",,,Bird," $68,000,000.00 "
89,Taurean Prince\princta02,MIN," $15,057,692.00 ",,,,,,1st Round pick," $15,057,692.00 "
90,Malik Beasley\beaslma01,MIN," $14,391,964.00 "," $15,458,035.00 "," $16,524,106.00 ",,,,Bird," $29,849,999.00 "
91,Marcus Smart\smartma01,BOS," $14,339,285.00 "," $16,607,142.00 "," $18,583,713.00 "," $19,960,285.00 "," $21,336,856.00 ",,Bird Rights," $90,827,281.00 "
92,Patrick Beverley\beverpa01,MIN," $14,320,988.00 "," $13,000,000.00 ",,,,,Bird Rights," $27,320,988.00 "
93,Thaddeus Young\youngth01,TOR," $14,190,000.00 ",,,,,,Cap space," $14,190,000.00 "
94,Jonas Valančiūnas\valanjo01,NOP," $14,000,000.00 "," $14,700,000.00 "," $15,435,000.00 ",,,,Bird Rights," $44,135,000.00 "
95,Joe Ingles\inglejo01,POR," $14,000,000.00 ",,,,,,Bird Rights," $14,000,000.00 "
96,Doug McDermott\mcderdo01,SAS," $13,750,000.00 "," $13,750,000.00 "," $13,750,000.00 ",,,,Sign and Trade," $41,250,000.00 "
97,Christian Wood\woodch01,HOU," $13,666,667.00 "," $14,317,459.00 ",,,,,Sign and Trade," $27,984,126.00 "
98,Derrick Rose\rosede01,NYK," $13,445,120.00 "," $14,520,730.00 "," $15,596,339.00 ",,,,Early Bird," $27,965,850.00 "
99,Brook Lopez\lopezbr01,MIL," $13,302,325.00 "," $13,906,976.00 ",,,,,Cap Space," $27,209,301.00 "
100,Kentavious Caldwell-Pope\caldwke01,WAS," $13,038,862.00 "," $14,004,703.00 ",,,,,Early Bird," $17,926,980.00 "
101,Kyle Kuzma\kuzmaky01,WAS," $13,000,000.00 "," $13,000,000.00 "," $13,000,000.00 ",,,,Bird," $26,000,000.00 "
102,Robert Covington\covinro01,LAC," $12,975,471.00 ",,,,,,Cap Space," $12,975,471.00 "
103,Luke Kennard\kennalu01,LAC," $12,727,273.00 "," $13,745,455.00 "," $14,763,636.00 "," $14,763,636.00 ",,,Bird," $41,236,364.00 "
104,T.J. Warren\warretj01,IND," $12,690,000.00 ",,,,,,1st Round Pick," $12,690,000.00 "
105,Deandre Ayton\aytonde01,PHO," $12,632,950.00 ",,,,,,1st Round Pick," $12,632,950.00 "
106,Terrence Ross\rosste01,ORL," $12,500,000.00 "," $11,500,000.00 ",,,,,Bird Rights," $24,000,000.00 "
107,Jordan Clarkson\clarkjo01,UTA," $12,420,000.00 "," $13,340,000.00 "," $14,260,000.00 ",,,,Bird," $25,760,000.00 "
108,Dillon Brooks\brookdi01,MEM," $12,200,000.00 "," $11,400,000.00 ",,,,,MLE," $23,600,000.00 "
109,Kelly Olynyk\olynyke01,DET," $12,195,122.00 "," $12,804,878.00 "," $12,195,122.00 ",,,,Cap Space," $28,000,000.00 "
110,Kelly Oubre Jr.\oubreke01,CHO," $12,000,000.00 "," $12,600,000.00 ",,,,,Cap Space," $17,000,000.00 "
111,Josh Hart\hartjo01,POR," $12,000,000.00 "," $12,960,000.00 "," $12,960,000.00 ",,,,Bird," $12,000,000.00 "
112,Jusuf Nurkić\nurkiju01,POR," $12,000,000.00 ",,,,,,Bird Rights," $4,000,000.00 "
113,Josh Richardson\richajo01,SAS," $11,600,000.00 "," $12,384,672.00 ",,,,,Minimum Salary," $23,984,672.00 "
114,Marvin Bagley III\baglema01,DET," $11,312,114.00 ",,,,,,1st Round Pick," $11,312,114.00 "
115,Devonte' Graham\grahade01,NOP," $11,000,000.00 "," $11,550,000.00 "," $12,100,000.00 "," $12,650,000.00 ",,,Sign and Trade," $37,500,000.00 "
116,Dwight Powell\poweldw01,DAL," $11,000,000.00 "," $11,814,815.00 ",,,,,Cap Space," $22,814,815.00 "
117,Zion Williamson\willizi01,NOP," $10,733,400.00 "," $13,534,817.00 ",,,,,1st Round Pick," $10,733,400.00 "
118,Larry Nance Jr.\nancela02,NOP," $10,690,909.00 "," $9,672,727.00 ",,,,,1st Round pick," $20,363,636.00 "
119,Jeremy Lamb\lambje01,SAC," $10,500,000.00 ",,,,,,Cap Space," $10,500,000.00 "
120,Richaun Holmes\holmeri01,SAC," $10,384,500.00 "," $11,215,260.00 "," $12,046,020.00 "," $12,876,780.00 ",,,Early Bird," $33,645,780.00 "
121,Reggie Jackson\jacksre01,LAC," $10,384,500.00 "," $11,215,260.00 ",,,,,Early Bird," $21,599,760.00 "
122,Anthony Edwards\edwaran01,MIN," $10,245,480.00 "," $10,733,400.00 "," $13,534,817.00 ",,,,1st Round Pick," $20,978,880.00 "
123,Luka Dončić\doncilu01,DAL," $10,174,391.00 "," $35,700,000.00 "," $38,556,000.00 "," $41,412,000.00 "," $44,268,000.00 "," $47,124,000.00 ",1st Round Pick," $217,234,391.00 "
124,Cade Cunningham\cunnica01,DET," $10,050,120.00 "," $10,552,800.00 "," $11,055,240.00 "," $13,940,658.00 ",,,1st Round Pick," $20,602,920.00 "
125,Danny Green\greenda02,PHI," $10,000,000.00 "," $10,000,000.00 ",,,,,Early Bird," $10,000,000.00 "
126,Tomáš Satoranský\satorto01,SAS," $10,000,000.00 ",,,,,,Sign and Trade," $5,000,000.00 "
127,Kyle Anderson\anderky01,MEM," $9,937,150.00 ",,,,,,MLE," $9,937,150.00 "
128,Serge Ibaka\ibakase01,MIL," $9,742,000.00 ",,,,,,MLE," $9,742,000.00 "
129,Jae Crowder\crowdja01,PHO," $9,720,900.00 "," $10,183,800.00 ",,,,,MLE," $19,904,700.00 "
130,Derrick Favors\favorde01,OKC," $9,720,900.00 "," $10,183,800.00 ",,,,,MLE," $9,720,900.00 "
131,Tristan Thompson\thomptr01,IND," $9,720,900.00 ",,,,,,," $9,720,900.00 "
132,Montrezl Harrell\harremo01,CHO," $9,720,900.00 ",,,,,,MLE," $9,720,900.00 "
133,Derrick Jones Jr.\jonesde02,CHI," $9,720,900.00 ",,,,,,MLE," $9,720,900.00 "
134,Ja Morant\moranja01,MEM," $9,603,360.00 "," $12,119,440.00 ",,,,,1st Round Pick," $21,722,800.00 "
135,Reggie Bullock\bullore01,DAL," $9,536,000.00 "," $10,012,800.00 "," $10,489,600.00 ",,,,MLE," $25,000,000.00 "
136,Alec Burks\burksal01,NYK," $9,536,000.00 "," $10,012,800.00 "," $10,489,600.00 ",,,,Cap Space," $19,548,800.00 "
137,Talen Horton-Tucker\hortota01,LAL," $9,500,000.00 "," $10,260,000.00 "," $11,020,000.00 ",,,,Early Bird," $19,760,000.00 "
138,Jaren Jackson Jr.\jacksja02,MEM," $9,180,560.00 "," $23,437,500.00 "," $25,312,500.00 "," $27,187,500.00 "," $29,062,500.00 ",,1st Round Pick," $114,180,560.00 "
139,James Wiseman\wisemja01,GSW," $9,166,800.00 "," $9,603,360.00 "," $12,119,440.00 ",,,,1st Round Pick," $18,770,160.00 "
140,Nicolas Batum\batumni01,CHO," $12,213,507.00 "," $12,372,008.00 ",,,,,," $18,086,956.00 "
141,Dario Šarić\saricda01,PHO," $9,000,000.00 "," $9,666,667.00 ",,,,,Bird," $18,666,667.00 "
142,Jalen Green\greenja05,HOU," $8,992,200.00 "," $9,441,720.00 "," $9,891,600.00 "," $12,483,199.00 ",,,1st Round Pick," $18,433,920.00 "
143,Nerlens Noel\noelne01,NYK," $8,800,000.00 "," $9,240,000.00 "," $9,680,000.00 ",,,,Cap Space," $18,040,000.00 "
144,Jakob Poeltl\poeltja01,SAS," $8,750,000.00 "," $9,398,148.00 ",,,,,Bird," $18,148,148.00 "
145,Maxi Kleber\klebima01,DAL," $8,750,000.00 "," $9,000,000.00 ",,,,,Early Bird Rights," $8,750,000.00 "
146,Thomas Bryant\bryanth01,WAS," $8,730,159.00 ",,,,,,Early Bird Rights," $8,730,159.00 "
147,Kemba Walker\walkeke02,NYK," $8,729,020.00 "," $9,165,471.00 ",,,,,Cap Space," $17,894,491.00 "
148,Royce O'Neale\onealro01,UTA," $8,678,571.00 "," $9,321,429.00 "," $9,964,286.00 ",,,,Cap space," $27,964,286.00 "
149,RJ Barrett\barrerj01,NYK," $8,623,920.00 "," $10,900,635.00 ",,,,,1st Round Pick," $19,524,555.00 "
150,Alex Caruso\carusal01,CHI," $8,604,651.00 "," $9,034,884.00 "," $9,465,116.00 "," $9,895,349.00 ",,,MLE," $37,000,000.00 "
151,Delon Wright\wrighde01,ATL," $8,526,316.00 ",,,,,,Sign and Trade," $8,526,316.00 "
152,De'Anthony Melton\meltode01,MEM," $8,437,500.00 "," $9,062,500.00 "," $9,687,500.00 ",,,,Early Bird," $27,187,500.00 "
153,Daniel Theis\theisda01,BOS," $8,372,093.00 "," $8,790,698.00 "," $9,209,302.00 "," $9,627,907.00 ",,,Sign and Trade," $36,000,000.00 "
154,Monte Morris\morrimo01,DEN," $8,333,333.00 "," $9,000,000.00 "," $9,666,667.00 ",,,,Bird," $27,000,000.00 "
155,Trae Young\youngtr01,ATL," $8,326,471.00 "," $29,750,000.00 "," $32,130,000.00 "," $34,510,000.00 "," $36,890,000.00 "," $39,270,000.00 ",1st Round Pick," $180,876,471.00 "
156,JaMychal Green\greenja01,DEN," $8,292,683.00 "," $8,707,317.00 ",,,,,Non Bird," $17,000,000.00 "
157,LaMelo Ball\ballla01,CHO," $8,231,760.00 "," $8,623,920.00 "," $10,900,635.00 ",,,,1st Round Pick," $16,855,680.00 "
158,Seth Curry\curryse01,BRK," $8,186,047.00 "," $8,558,140.00 ",,,,,MLE," $16,744,187.00 "
159,Mason Plumlee\plumlma01,CHO," $8,137,500.00 "," $8,525,000.00 ",,,,,Cap space," $16,662,500.00 "
160,Evan Mobley\mobleev01,CLE," $8,075,160.00 "," $8,478,720.00 "," $8,882,760.00 "," $11,227,809.00 ",,,1st Round Pick," $16,553,880.00 "
161,Cedi Osman\osmande01,CLE," $8,050,000.00 "," $7,350,000.00 "," $6,650,000.00 ",,,,MLE," $15,400,000.00 "
162,DeAndre Jordan\jordade01,DET," $10,517,224.00 "," $7,827,907.00 ",,,,,," $15,703,440.00 "
163,De'Andre Hunter\huntede01,ATL," $7,775,400.00 "," $9,835,881.00 ",,,,,1st Round Pick," $17,611,281.00 "
164,Mo Bamba\bambamo01,ORL," $7,568,742.00 ",,,,,,1st Round Pick," $7,568,742.00 "
165,Tyus Jones\jonesty01,MEM," $7,522,200.00 ",,,,,,MLE," $7,522,200.00 "
166,Ivica Zubac\zubaciv01,LAC," $7,518,518.00 "," $7,518,518.00 ",,,,,Bird Rights," $7,518,518.00 "
167,T.J. McConnell\mccontj01,IND," $7,500,000.00 "," $8,100,000.00 "," $8,700,000.00 "," $9,300,000.00 ",,,Early Bird," $29,300,000.00 "
168,Patrick Williams\willipa01,CHI," $7,422,000.00 "," $7,775,400.00 "," $9,835,881.00 ",,,,1st Round Pick," $15,197,400.00 "
169,Scottie Barnes\barnesc01,TOR," $7,280,520.00 "," $7,644,720.00 "," $8,008,560.00 "," $10,130,828.00 ",,,1st Round Pick," $14,925,240.00 "
170,Darius Garland\garlada01,CLE," $7,040,880.00 "," $8,920,795.00 ",,,,,1st Round Pick," $15,961,675.00 "
171,Chris Boucher\bouchch01,TOR," $7,009,615.00 ",,,,,,Early Bird," $7,009,615.00 "
172,D.J. Augustin\augusdj01,HOU," $7,000,000.00 "," $333,333.00 ",,,,,," $7,333,333.00 "
173,P.J. Tucker\tuckepj01,MIA," $7,000,000.00 "," $7,350,000.00 ",,,,,MLE," $7,000,000.00 "
174,Zach Collins\colliza01,SAS," $6,984,127.00 "," $7,333,333.00 "," $7,682,540.00 ",,,,Cap Space," $22,000,000.00 "
175,Wendell Carter Jr.\cartewe01,ORL," $6,920,027.00 "," $14,150,000.00 "," $13,050,000.00 "," $11,950,000.00 "," $10,850,000.00 ",,1st Round Pick," $50,000,000.00 "
176,Isaac Okoro\okorois01,CLE," $6,720,720.00 "," $7,040,880.00 "," $8,920,795.00 ",,,,1st Round Pick," $13,761,600.00 "
177,Jalen Suggs\suggsja01,ORL," $6,593,040.00 "," $6,922,440.00 "," $7,252,200.00 "," $9,188,537.00 ",,,1st Round Pick," $13,515,480.00 "
178,Cameron Payne\payneca01,PHO," $6,500,000.00 "," $6,000,000.00 "," $6,500,000.00 ",,,,Early Bird," $14,500,000.00 "
179,Joakim Noah\noahjo01,NYK," $6,431,666.00 ",,,,,,," $6,431,666.00 "
180,Jarrett Culver\culveja01,MEM," $6,395,160.00 "," $8,109,063.00 ",,,,,1st Round Pick," $6,395,160.00 "
181,Khem Birch\birchkh01,TOR," $6,350,000.00 "," $6,667,750.00 "," $6,985,000.00 ",,,,MLE," $20,002,750.00 "
182,Collin Sexton\sextoco01,CLE," $6,349,671.00 ",,,,,,1st Round Pick," $6,349,671.00 "
183,Juancho Hernangómez\hernaju01,UTA," $6,175,440.00 "," $6,632,880.00 ",,,,,Bird," $6,175,440.00 "
184,Onyeka Okongwu\okongon01,ATL," $6,104,280.00 "," $6,395,160.00 "," $8,109,063.00 ",,,,1st Round Pick," $12,499,440.00 "
185,Justin Holiday\holidju01,SAC," $6,006,420.00 "," $6,292,440.00 ",,,,,Non Bird," $12,298,860.00 "
186,Josh Giddey\giddejo01,OKC," $5,988,000.00 "," $6,287,400.00 "," $6,587,040.00 "," $8,352,367.00 ",,,1st Round Pick," $12,275,400.00 "
187,Rudy Gay\gayru01,UTA," $5,890,000.00 "," $6,184,500.00 "," $6,479,000.00 ",,,,Mini MLE," $12,074,500.00 "
188,Dennis Schröder\schrode01,HOU," $5,890,000.00 ",,,,,,Mini MLE," $5,890,000.00 "
189,Patty Mills\millspa02,BRK," $5,890,000.00 "," $6,184,500.00 ",,,,,Mini MLE," $5,890,000.00 "
190,Kevin Knox\knoxke01,ATL," $5,845,978.00 ",,,,,,1st Round Pick," $5,845,978.00 "
191,Coby White\whiteco01,CHI," $5,837,760.00 "," $7,413,955.00 ",,,,,1st Round Pick," $5,837,760.00 "
192,Timofey Mozgov\mozgoti01,ORL," $5,573,334.00 ",,,,,,," $5,573,334.00 "
193,Killian Hayes\hayeski01,DET," $5,572,680.00 "," $5,837,760.00 "," $7,413,955.00 ",,,,1st Round Pick," $11,410,440.00 "
194,Mikal Bridges\bridgmi01,PHO," $5,557,725.00 "," $20,089,286.00 "," $21,696,429.00 "," $23,303,571.00 "," $24,910,714.00 ",,1st Round Pick," $95,557,725.00 "
195,Shai Gilgeous-Alexander\gilgesh01,OKC," $5,495,532.00 "," $29,750,000.00 "," $32,130,000.00 "," $34,510,000.00 "," $36,890,000.00 "," $39,270,000.00 ",1st Round Pick," $178,045,532.00 "
196,Jonathan Kuminga\kuminjo01,GSW," $5,466,360.00 "," $5,739,960.00 "," $6,012,720.00 "," $7,636,154.00 ",,,1st Round Pick," $11,206,320.00 "
197,Miles Bridges\bridgmi02,CHO," $5,421,493.00 ",,,,,,1st Round Pick," $5,421,493.00 "
198,Jaxson Hayes\hayesja02,NOP," $5,348,280.00 "," $6,803,012.00 ",,,,,1st Round Pick," $12,151,292.00 "
199,Pat Connaughton\connapa01,MIL," $5,333,333.00 "," $5,728,395.00 ",,,,,Early Bird," $5,333,333.00 "
200,Michael Porter Jr.\portemi01,DEN," $5,258,735.00 "," $29,750,000.00 "," $32,130,000.00 "," $34,510,000.00 "," $36,890,000.00 "," $39,270,000.00 ",1st Round Pick," $150,538,735.00 "
201,Ryan Anderson\anderry01,MIA," $5,214,584.00 ",,,,,,," $5,214,584.00 "
202,Hamidou Diallo\diallha01,DET," $5,200,000.00 "," $5,200,000.00 ",,,,,Bird," $5,200,000.00 "
203,Kevon Looney\looneke01,GSW," $5,178,572.00 ",,,,,,Bird Rights," $5,178,572.00 "
204,Troy Brown Jr.\browntr01,CHI," $5,170,564.00 ",,,,,,1st Round Pick," $5,170,564.00 "
205,Obi Toppin\toppiob01,NYK," $5,105,160.00 "," $5,348,280.00 "," $6,803,012.00 ",,,,1st Round Pick," $10,453,440.00 "
206,Franz Wagner\wagnefr01,ORL," $5,007,840.00 "," $5,258,280.00 "," $5,508,720.00 "," $7,007,092.00 ",,,1st Round Pick," $10,266,120.00 "
207,Josh Jackson\jacksjo02,DET," $5,005,350.00 ",,,,,,Room Exception," $5,005,350.00 "
208,JaVale McGee\mcgeeja01,PHO," $5,000,000.00 ",,,,,,MLE," $5,000,000.00 "
209,Robin Lopez\lopezro01,ORL," $5,000,000.00 ",,,,,,MLE," $5,000,000.00 "
210,Kendrick Nunn\nunnke01,LAL," $5,000,000.00 "," $5,250,000.00 ",,,,,Mini MLE," $5,000,000.00 "
211,Lou Williams\willilo02,ATL," $5,000,000.00 ",,,,,,Bird," $5,000,000.00 "
212,Luol Deng\denglu01,LAL," $4,990,000.00 ",,,,,,," $4,990,000.00 "
213,Rui Hachimura\hachiru01,WAS," $4,916,160.00 "," $6,263,188.00 ",,,,,1st Round Pick," $11,179,348.00 "
214,Garrett Temple\templga01,NOP," $4,910,000.00 "," $5,155,500.00 "," $5,401,000.00 ",,,,Sign and Trade," $10,065,500.00 "
215,Cory Joseph\josepco01,DET," $7,310,000.00 "," $5,155,000.00 ",,,,,Room Exception," $7,310,000.00 "
216,Taj Gibson\gibsota01,NYK," $4,910,000.00 "," $5,155,500.00 ",,,,,Room Exception," $4,910,000.00 "
217,Torrey Craig\craigto01,PHO," $4,878,049.00 "," $5,121,951.00 ",,,,,MLE," $10,000,000.00 "
218,Rajon Rondo\rondora01,MEM," $2,641,691.00 ",,,,,,," $4,858,309.00 "
219,Bruce Brown\brownbr01,BRK," $4,736,102.00 ",,,,,,," $4,736,102.00 "
220,Deni Avdija\avdijde01,WAS," $4,692,840.00 "," $4,916,160.00 "," $6,263,188.00 ",,,,1st Round Pick," $9,609,000.00 "
221,Donte DiVincenzo\divindo01,SAC," $4,675,830.00 ",,,,,,1st Round Pick," $4,675,830.00 "
222,Cam Reddish\reddica01,NYK," $4,670,160.00 "," $5,954,454.00 ",,,,,1st Round Pick," $10,624,614.00 "
223,David Nwaba\nwabada01,HOU," $4,650,000.00 "," $5,022,000.00 "," $5,394,000.00 ",,,,Early Bird," $9,672,000.00 "
224,Furkan Korkmaz\korkmfu01,PHI," $4,629,630.00 "," $5,000,000.00 "," $5,370,370.00 ",,,,Bird," $15,000,000.00 "
225,Davion Mitchell\mitchda01,SAC," $4,603,320.00 "," $4,833,600.00 "," $5,063,760.00 "," $6,451,230.00 ",,,1st Round Pick," $9,436,920.00 "
226,Ish Smith\smithis01,WAS," $4,500,000.00 "," $4,725,000.00 ",,,,,Room Exception," $4,500,000.00 "
227,Jeff Green\greenje02,DEN," $4,500,000.00 "," $4,500,000.00 ",,,,,MLE," $4,500,000.00 "
228,Jalen Smith\smithja04,IND," $4,458,000.00 "," $4,670,160.00 "," $5,954,454.00 ",,,,1st Round Pick," $4,458,000.00 "
229,Lonnie Walker IV\walkelo01,SAS," $4,447,896.00 ",,,,,,1st Round Pick," $4,447,896.00 "
230,Cameron Johnson\johnsca02,PHO," $4,437,000.00 "," $5,887,899.00 ",,,,,1st Round Pick," $10,324,899.00 "
231,Ziaire Williams\willizi02,MEM," $4,373,160.00 "," $4,591,920.00 "," $4,810,200.00 "," $6,133,005.00 ",,,1st Round Pick," $8,965,080.00 "
232,Maurice Harkless\harklma01,SAC," $4,347,600.00 "," $4,564,980.00 ",,,,,Non Bird," $8,912,580.00 "
233,Bobby Portis\portibo01,MIL," $4,347,600.00 "," $4,564,980.00 ",,,,,Non Bird," $4,347,600.00 "
234,Jarred Vanderbilt\vandeja01,MIN," $4,259,259.00 "," $4,600,000.00 "," $4,940,741.00 ",,,,Bird," $13,800,000.00 "
235,Kevin Huerter\huertke01,ATL," $4,253,357.00 "," $14,508,929.00 "," $15,669,643.00 "," $16,830,357.00 "," $17,991,071.00 ",,1st Round Pick," $69,253,357.00 "
236,Devin Vassell\vassede01,SAS," $4,235,160.00 "," $4,437,000.00 "," $5,887,899.00 ",,,,1st Round Pick," $8,672,160.00 "
237,P.J. Washington\washipj01,CHO," $4,215,120.00 "," $5,808,435.00 ",,,,,1st Round Pick," $10,023,555.00 "
238,James Bouknight\bouknja01,CHO," $4,154,400.00 "," $4,362,240.00 "," $4,570,080.00 "," $6,064,496.00 ",,,1st Round Pick," $8,516,640.00 "
239,Josh Okogie\okogijo01,MIN," $4,087,904.00 ",,,,,,1st Round Pick," $4,087,904.00 "
240,Grayson Allen\allengr01,MIL," $4,054,695.00 "," $9,615,385.00 "," $10,384,615.00 ",,,,1st Round Pick," $24,054,695.00 "
241,Tyrese Haliburton\halibty01,IND," $4,023,600.00 "," $4,215,120.00 "," $5,808,435.00 ",,,,1st Round Pick," $8,238,720.00 "
242,Tyler Herro\herroty01,MIA," $4,004,280.00 "," $5,722,116.00 ",,,,,1st Round Pick," $9,726,396.00 "
243,Dorian Finney-Smith\finnedo01,DAL," $4,000,000.00 "," $12,402,000.00 "," $13,394,160.00 "," $14,386,320.00 "," $15,378,480.00 ",,Bird Rights," $44,182,480.00 "
244,Terence Davis\daviste02,SAC," $4,000,000.00 "," $4,000,000.00 ",,,,,Early Bird," $8,000,000.00 "
245,George Hill\hillge01,MIL," $4,000,000.00 "," $4,000,000.00 ",,,,,MLE," $8,000,000.00 "
246,Gorgui Dieng\dienggo01,ATL," $4,000,000.00 ",,,,,,MLE," $4,000,000.00 "
247,Aaron Holiday\holidaa01,PHO," $3,980,551.00 ",,,,,,1st Round Pick," $3,980,551.00 "
248,Joshua Primo\primojo01,SAS," $3,946,800.00 "," $4,144,320.00 "," $4,341,600.00 "," $5,982,725.00 ",,,1st Round Pick," $8,091,120.00 "
249,Jake Layman\laymaja01,MIN," $3,940,184.00 ",,,,,,Sign and Trade," $3,940,184.00 "
250,Anfernee Simons\simonan01,POR," $3,938,818.00 ",,,,,,1st Round Pick," $3,938,818.00 "
251,Justise Winslow\winslju01,POR," $3,902,439.00 "," $4,097,561.00 ",,,,,Mini MLE," $8,000,000.00 "
252,Jevon Carter\carteje01,BRK," $3,833,333.00 "," $4,117,284.00 ",,,,,Early Bird," $7,950,617.00 "
253,Kira Lewis Jr.\lewiski01,NOP," $3,822,240.00 "," $4,004,280.00 "," $5,722,116.00 ",,,,1st Round Pick," $7,826,520.00 "
254,Romeo Langford\langfro01,SAS," $3,804,360.00 "," $5,634,257.00 ",,,,,1st Round Pick," $9,438,617.00 "
255,Facundo Campazzo\campafa01,DEN," $3,804,150.00 ",,,,,,Bi-Annual Exception," $3,804,150.00 "
256,Landry Shamet\shamela01,PHO," $3,768,342.00 "," $9,598,214.00 "," $10,366,071.00 "," $11,133,929.00 "," $11,901,786.00 ",,1st Round Pick," $46,768,342.00 "
257,Chris Duarte\duartch01,IND," $3,749,520.00 "," $3,936,960.00 "," $4,124,280.00 "," $5,893,596.00 ",,,1st Round Pick," $7,686,480.00 "
258,Alex Len\lenal01,SAC," $3,731,707.00 "," $3,918,293.00 ",,,,,Bi-Annual Exception," $7,650,000.00 "
259,Robert Williams\williro04,BOS," $3,661,976.00 "," $10,700,000.00 "," $11,556,000.00 "," $12,412,000.00 "," $13,268,000.00 ",,1st Round Pick," $51,597,976.00 "
260,Aaron Nesmith\nesmiaa01,BOS," $3,631,200.00 "," $3,804,360.00 "," $5,634,257.00 ",,,,1st Round Pick," $7,435,560.00 "
261,Sekou Doumbouya\doumbse01,HOU,,,,,,,," $3,613,680.00 "
262,Moses Moody\moodymo01,GSW," $3,562,080.00 "," $3,740,160.00 "," $3,918,480.00 "," $5,803,269.00 ",,,1st Round Pick," $7,302,240.00 "
263,Boban Marjanović\marjabo01,DAL," $3,500,000.00 "," $3,500,000.00 ",,,,,Early Bird," $7,000,000.00 "
264,Mike Muscala\muscami01,OKC," $3,500,000.00 "," $3,500,000.00 ",,,,,MLE," $3,500,000.00 "
265,Cole Anthony\anthoco01,ORL," $3,449,400.00 "," $3,613,680.00 "," $5,539,771.00 ",,,,1st Round Pick," $7,063,080.00 "
266,Corey Kispert\kispeco01,WAS," $3,383,640.00 "," $3,552,960.00 "," $3,722,040.00 "," $5,705,887.00 ",,,1st Round Pick," $6,936,600.00 "
267,Trey Burke\burketr01,DAL," $3,333,333.00 "," $3,492,063.00 ",,,,,MLE," $3,333,333.00 "
268,Georges Niang\niangge01,PHI," $3,300,000.00 "," $3,465,000.00 ",,,,,MLE," $6,765,000.00 "
269,Chuma Okeke\okekech01,ORL," $3,277,080.00 "," $3,433,320.00 "," $5,266,713.00 ",,,,1st Round Pick," $6,710,400.00 "
270,Isaiah Stewart\stewais01,DET," $3,277,080.00 "," $3,433,320.00 "," $5,266,713.00 ",,,,1st Round Pick," $6,710,400.00 "
271,Nickeil Alexander-Walker\alexani01,UTA," $3,261,480.00 "," $5,009,633.00 ",,,,,1st Round Pick," $8,271,113.00 "
272,Alperen Şengün\sengual01,HOU," $3,214,680.00 "," $3,375,480.00 "," $3,536,400.00 "," $5,424,838.00 ",,,1st Round Pick," $6,590,160.00 "
273,Nicolas Batum\batumni01,LAC," $12,213,507.00 "," $12,372,008.00 ",,,,,Non Bird," $3,170,029.00 "
274,Jon Leuer\leuerjo01,MIL," $3,169,347.00 ",,,,,,," $3,169,347.00 "
275,Aleksej Pokusevski\pokusal01,OKC," $3,113,160.00 "," $3,261,480.00 "," $5,009,633.00 ",,,,1st Round Pick," $6,374,640.00 "
276,Goga Bitadze\bitadgo01,IND," $3,098,400.00 "," $4,765,339.00 ",,,,,1st Round Pick," $7,863,739.00 "
277,Trey Murphy III\murphtr02,NOP," $3,053,760.00 "," $3,206,640.00 "," $3,359,280.00 "," $5,159,854.00 ",,,1st Round Pick," $6,260,400.00 "
278,Sterling Brown\brownst02,DAL," $3,000,000.00 "," $3,000,000.00 ",,,,,Bi-Annual Exception," $6,000,000.00 "
279,Michael Carter-Williams\cartemi01,ORL," $3,000,000.00 ",,,,,,," $3,000,000.00 "
280,Frank Jackson\jacksfr01,DET," $3,000,000.00 "," $3,150,000.00 ",,,,,Cap Space," $3,000,000.00 "
281,Luka Šamanić\samanlu01,SAS,,,,,,,," $2,959,080.00 "
282,Josh Green\greenjo02,DAL," $2,957,520.00 "," $3,098,400.00 "," $4,765,339.00 ",,,,1st Round Pick," $6,055,920.00 "
283,Tre Mann\manntr01,OKC," $2,901,240.00 "," $3,046,200.00 "," $3,191,280.00 "," $4,908,189.00 ",,,1st Round Pick," $5,947,440.00 "
284,Dewayne Dedmon\dedmode01,DET," $5,256,308.00 "," $2,866,667.00 "," $2,866,667.00 "," $2,866,667.00 ",,,," $11,466,668.00 "
285,Andrew Nicholson\nichoan01,POR," $2,844,429.00 "," $2,844,429.00 "," $2,844,429.00 ",,,,," $8,533,287.00 "
286,Matisse Thybulle\thybuma01,PHI," $2,840,160.00 "," $4,379,527.00 ",,,,,1st Round Pick," $7,219,687.00 "
287,Saddiq Bey\beysa01,DET," $2,824,320.00 "," $2,959,080.00 "," $4,556,983.00 ",,,,1st Round Pick," $5,783,400.00 "
288,Kai Jones\joneska01,CHO," $2,770,560.00 "," $2,909,160.00 "," $3,047,760.00 "," $4,693,550.00 ",,,1st Round Pick," $5,679,720.00 "
289,Brandon Clarke\clarkbr01,MEM," $2,726,880.00 "," $4,343,920.00 ",,,,,1st Round Pick," $7,070,800.00 "
290,Precious Achiuwa\achiupr01,TOR," $2,711,280.00 "," $2,840,160.00 "," $4,379,527.00 ",,,,1st Round Pick," $5,551,440.00 "
291,Jalen Johnson\johnsja05,ATL," $2,659,560.00 "," $2,792,520.00 "," $2,925,480.00 "," $4,511,090.00 ",,,1st Round Pick," $5,452,080.00 "
292,Paul Millsap\millspa01,PHI," $2,641,691.00 ",,,,,,Minimum Salary," $2,641,691.00 "
293,E'Twaun Moore\mooreet01,ORL," $2,641,691.00 ",,,,,,," $2,641,691.00 "
294,Markieff Morris\morrima02,MIA," $2,641,691.00 ",,,,,,Minimum Salary," $2,641,691.00 "
295,Udonis Haslem\hasleud01,MIA," $2,641,691.00 ",,,,,,Minimum Salary," $2,641,691.00 "
296,DeAndre Jordan\jordade01,LAL," $10,517,224.00 "," $7,827,907.00 ",,,,,Minimum Salary," $2,641,691.00 "
297,Dwight Howard\howardw01,LAL," $2,641,691.00 ",,,,,,Minimum Salary," $2,641,691.00 "
298,Wayne Ellington\ellinwa01,LAL," $2,641,691.00 ",,,,,,Minimum Salary," $2,641,691.00 "
299,Trevor Ariza\arizatr01,LAL," $2,641,691.00 ",,,,,,Minimum Salary," $2,641,691.00 "
300,Carmelo Anthony\anthoca01,LAL," $2,641,691.00 ",,,,,,Minimum Salary," $2,641,691.00 "
301,Enes Freedom\kanteen01,HOU," $2,641,691.00 ",,,,,,," $2,641,691.00 "
302,Andre Iguodala\iguodan01,GSW," $2,641,691.00 ",,,,,,Minimum Salary," $2,641,691.00 "
303,Rajon Rondo\rondora01,CLE," $2,641,691.00 ",,,,,,Minimum Salary," $2,641,691.00 "
304,James Johnson\johnsja01,BRK," $2,641,691.00 ",,,,,,Minimum Salary," $2,641,691.00 "
305,Blake Griffin\griffbl01,BRK," $32,405,817.00 ",,,,,,Minimum Salary," $2,641,691.00 "
306,LaMarcus Aldridge\aldrila01,BRK," $2,641,691.00 ",,,,,,Minimum Salary," $2,641,691.00 "
307,Avery Bradley\bradlav01,LAL," $2,641,691.00 ",,,,,,,
308,Ed Davis\davised01,CLE," $2,641,691.00 ",,,,,,,
309,Grant Williams\willigr01,BOS," $2,617,800.00 "," $4,306,281.00 ",,,,,1st Round Pick," $6,924,081.00 "
310,Tyrese Maxey\maxeyty01,PHI," $2,602,920.00 "," $2,726,880.00 "," $4,343,920.00 ",,,,1st Round Pick," $5,329,800.00 "
311,Keon Johnson\johnske07,POR," $2,553,120.00 "," $2,681,040.00 "," $2,808,720.00 "," $4,474,291.00 ",,,1st Round Pick," $5,234,160.00 "
312,Darius Bazley\bazleda01,OKC," $2,513,040.00 "," $4,264,629.00 ",,,,,1st Round Pick," $6,777,669.00 "
313,Trey Lyles\lylestr01,SAC," $2,500,000.00 "," $2,625,000.00 ",,,,,Cap Space," $2,500,000.00 "
314,Zeke Nnaji\nnajize01,DEN," $2,498,760.00 "," $2,617,800.00 "," $4,306,281.00 ",,,,1st Round Pick," $5,116,560.00 "
315,Isaiah Jackson\jacksis01,IND," $2,451,120.00 "," $2,573,760.00 "," $2,696,280.00 "," $4,435,381.00 ",,,1st Round Pick," $5,024,880.00 "
316,Ty Jerome\jeromty01,OKC," $2,412,840.00 "," $4,220,057.00 ",,,,,1st Round Pick," $6,632,897.00 "
317,Hassan Whiteside\whiteha01,UTA," $2,401,537.00 ",,,,,,Minimum Salary," $2,401,537.00 "
318,Kent Bazemore\bazemke01,LAL," $2,401,537.00 ",,,,,,Minimum Salary," $2,401,537.00 "
319,Austin Rivers\riverau01,DEN," $2,401,537.00 ",,,,,,Minimum Salary," $2,401,537.00 "
320,Andre Drummond\drumman01,BRK," $2,401,537.00 ",,,,,,Minimum Salary," $2,401,537.00 "
321,Cory Joseph\josepco01,DET," $7,310,000.00 "," $5,155,000.00 ",,,,,," $7,310,000.00 "
322,Cody Zeller\zelleco01,POR," $2,389,641.00 ",,,,,,," $2,389,641.00 "
323,Ben McLemore\mclembe01,POR," $2,389,641.00 ",,,,,,Minimum Salary," $2,389,641.00 "
324,Solomon Hill\hillso01,NYK," $2,389,641.00 ",,,,,,," $2,389,641.00 "
325,Tony Snell\snellto01,NOP," $2,389,641.00 ",,,,,,Minimum Salary," $2,389,641.00 "
326,Victor Oladipo\oladivi01,MIA," $2,389,641.00 ",,,,,,Minimum Salary," $2,389,641.00 "
327,Dewayne Dedmon\dedmode01,MIA," $5,256,308.00 "," $2,866,667.00 "," $2,866,667.00 "," $2,866,667.00 ",,,Minimum Salary," $2,389,641.00 "
328,Otto Porter Jr.\porteot01,GSW," $2,389,641.00 ",,,,,,Minimum Salary," $2,389,641.00 "
329,Leandro Bolmaro\bolmale01,MIN," $2,353,320.00 "," $2,471,160.00 "," $2,588,400.00 "," $4,392,515.00 ",,,1st Round Pick," $4,824,480.00 "
330,Usman Garuba\garubus01,HOU," $2,353,320.00 "," $2,471,160.00 "," $2,588,400.00 "," $4,392,515.00 ",,,1st Round Pick," $4,824,480.00 "
331,Willy Hernangómez\hernawi01,NOP," $2,327,220.00 "," $2,443,581.00 "," $2,559,942.00 ",,,,Non Bird," $4,770,801.00 "
332,Nassir Little\littlna01,POR," $2,316,240.00 "," $4,171,548.00 ",,,,,1st Round Pick," $6,487,788.00 "
333,R.J. Hampton\hamptrj01,ORL," $2,303,040.00 "," $2,412,840.00 "," $4,220,057.00 ",,,,1st Round Pick," $4,715,880.00 "
334,Josh Christopher\chrisjo01,HOU," $2,259,240.00 "," $2,372,160.00 "," $2,485,200.00 "," $4,346,615.00 ",,,1st Round Pick," $4,631,400.00 "
335,Monta Ellis\ellismo01,IND," $2,245,400.00 ",,,,,,," $2,245,400.00 "
336,Elfrid Payton\paytoel01,PHO," $2,239,544.00 ",,,,,,Minimum Salary," $2,239,544.00 "
337,Rodney Hood\hoodro01,LAC," $2,239,544.00 ",,,,,,Minimum Salary," $2,239,544.00 "
338,Dylan Windler\windldy01,CLE," $2,239,200.00 "," $4,037,278.00 ",,,,,1st Round Pick," $6,276,478.00 "
339,Immanuel Quickley\quickim01,NYK," $2,210,640.00 "," $2,316,240.00 "," $4,171,548.00 ",,,,1st Round Pick," $4,526,880.00 "
340,John Konchar\konchjo01,MEM," $2,197,674.00 "," $2,302,326.00 "," $2,406,977.00 ",,,,MLE," $6,906,977.00 "
341,Quentin Grimes\grimequ01,NYK," $2,168,760.00 "," $2,277,000.00 "," $2,385,720.00 "," $4,296,682.00 ",,,1st Round Pick," $4,445,760.00 "
342,Jordan Poole\poolejo01,GSW," $2,161,440.00 "," $3,901,399.00 ",,,,,1st Round Pick," $6,062,839.00 "
343,Bol Bol\bolbo01,ORL," $2,161,152.00 ",,,,,,MLE," $2,161,152.00 "
344,Keldon Johnson\johnske04,SAS," $2,145,720.00 "," $3,873,025.00 ",,,,,1st Round Pick," $6,018,745.00 "
345,Payton Pritchard\pritcpa01,BOS," $2,137,440.00 "," $2,239,200.00 "," $4,037,278.00 ",,,,1st Round Pick," $4,376,640.00 "
346,Kevin Porter Jr.\porteke02,HOU," $2,130,240.00 "," $3,845,083.00 ",,,,,1st Round Pick," $5,975,323.00 "
347,Bones Hyland\hylanbo01,DEN," $2,096,880.00 "," $2,201,400.00 "," $2,306,400.00 "," $4,158,439.00 ",,,1st Round Pick," $4,298,280.00 "
348,Raul Neto\netora01,WAS," $2,089,448.00 ",,,,,,Minimum Salary," $2,089,448.00 "
349,Frank Kaminsky\kaminfr01,PHO," $2,089,448.00 ",,,,,,Minimum Salary," $2,089,448.00 "
350,Nemanja Bjelica\bjeline01,GSW," $2,089,448.00 ",,,,,,Minimum Salary," $2,089,448.00 "
351,Udoka Azubuike\azubuud01,UTA," $2,075,880.00 "," $2,174,880.00 "," $3,923,484.00 ",,,,1st Round Pick," $4,250,760.00 "
352,Jaden McDaniels\mcdanja02,MIN," $2,063,280.00 "," $2,161,440.00 "," $3,901,399.00 ",,,,1st Round Pick," $4,224,720.00 "
353,Malachi Flynn\flynnma01,TOR," $2,048,040.00 "," $2,145,720.00 "," $3,873,025.00 ",,,,1st Round Pick," $4,193,760.00 "
354,Cam Thomas\thomaca02,BRK," $2,036,280.00 "," $2,138,160.00 "," $2,240,040.00 "," $4,041,032.00 ",,,1st Round Pick," $4,174,440.00 "
355,Desmond Bane\banede01,MEM," $2,033,160.00 "," $2,130,240.00 "," $3,845,083.00 ",,,,1st Round Pick," $4,163,400.00 "
356,Jaden Springer\sprinja01,PHI," $2,023,800.00 "," $2,125,200.00 "," $2,226,360.00 "," $4,018,580.00 ",,,1st Round Pick," $4,149,000.00 "
357,Day'Ron Sharpe\sharpda01,BRK," $2,009,040.00 "," $2,109,360.00 "," $2,210,160.00 "," $3,989,339.00 ",,,1st Round Pick," $4,118,400.00 "
358,Jeremiah Robinson-Earl\robinje02,OKC," $2,000,000.00 "," $2,000,000.00 "," $1,900,000.00 "," $1,988,598.00 ",,,MLE," $4,000,000.00 "
359,Killian Tillie\tilliki02,MEM," $2,000,000.00 "," $2,000,000.00 ",,,,,Room Exception," $4,000,000.00 "
360,Abdel Nader\naderab01,PHO," $2,000,000.00 ",,,,,,," $2,000,000.00 "
361,Théo Maledon\maledth01,OKC," $2,000,000.00 "," $1,900,000.00 "," $1,930,681.00 ",,,,MLE," $2,000,000.00 "
362,Kenrich Williams\willike04,OKC," $2,000,000.00 "," $2,000,000.00 ",,,,,,
363,Santi Aldama\aldamsa01,MEM," $1,994,520.00 "," $2,094,240.00 "," $2,194,200.00 "," $3,960,531.00 ",,,1st Round Pick," $4,088,760.00 "
364,Damian Jones\jonesda03,SAC," $1,977,011.00 ",,,,,,,
365,Wesley Matthews\matthwe02,MIL," $1,958,501.00 ",,,,,,,
366,Rodney McGruder\mcgruro01,DET," $1,939,350.00 ",,,,,,Minimum Salary," $1,939,350.00 "
367,DeAndre' Bembry\bembrde01,BRK," $2,541,217.00 ",,,,,,," $1,939,350.00 "
368,Gary Payton II\paytoga02,GSW," $1,939,350.00 ",,,,,,Minimum Salary," $350,000.00 "
369,Timothé Luwawu-Cabarrot\luwawti01,ATL," $1,939,350.00 ",,,,,,,
370,PJ Dozier\doziepj01,ORL," $1,910,860.00 ",,,,,,," $1,910,860.00 "
371,Damion Lee\leeda03,GSW," $1,910,860.00 ",,,,,,,
372,Larry Sanders\sandela01,MIL," $1,865,547.00 ",,,,,,," $1,865,547.00 "
373,Shake Milton\miltosh01,PHI," $1,846,738.00 "," $1,997,718.00 ",,,,,Cap Space," $1,846,738.00 "
374,Mitchell Robinson\robinmi01,NYK," $1,802,057.00 ",,,,,,MLE," $1,802,057.00 "
375,Jalen Brunson\brunsja01,DAL," $1,802,057.00 ",,,,,,,
376,Malik Monk\monkma01,LAL," $1,789,256.00 ",,,,,,Minimum Salary," $1,789,256.00 "
377,Semi Ojeleye\ojelese01,LAC," $1,789,256.00 ",,,,,,Minimum Salary," $1,789,256.00 "
378,Frank Ntilikina\ntilila01,DAL," $1,789,256.00 "," $2,036,318.00 ",,,,,Minimum Salary," $1,789,256.00 "
379,Tony Bradley\bradlto01,CHI," $1,789,256.00 "," $2,036,318.00 ",,,,,Minimum Salary," $1,789,256.00 "
380,Dennis Smith Jr.\smithde03,POR," $1,789,256.00 ",,,,,,,
381,Didi Louzada\louzama01,POR," $1,786,878.00 "," $1,876,222.00 "," $1,965,566.00 "," $2,057,646.00 ",,,Non Bird," $3,663,100.00 "
382,Daniel Gafford\gaffoda01,WAS," $1,782,621.00 "," $1,930,681.00 "," $12,402,000.00 "," $13,394,160.00 "," $14,386,320.00 ",,Minimum Salary," $43,895,782.00 "
383,Terance Mann\mannte01,LAC," $1,782,621.00 "," $1,930,681.00 "," $10,576,923.00 "," $11,423,077.00 ",,,Minimum Salary," $25,713,302.00 "
384,Eric Paschall\pascher01,UTA," $1,782,621.00 ",,,,,,MLE," $1,782,621.00 "
385,KZ Okpala\okpalkz01,OKC," $1,782,621.00 ",,,,,,," $1,782,621.00 "
386,Bruno Fernando\fernabr01,HOU," $1,782,621.00 ",,,,,,Cap space," $1,782,621.00 "
387,Cody Martin\martico01,CHO," $1,782,621.00 ",,,,,,MLE," $1,782,621.00 "
388,Nic Claxton\claxtni01,BRK," $1,782,621.00 ",,,,,,Minimum Salary," $1,782,621.00 "
389,Luguentz Dort\dortlu01,OKC," $1,782,621.00 "," $1,930,681.00 ",,,,,Minimum Salary," $625,000.00 "
390,Isaiah Roby\robyis01,OKC," $1,782,621.00 "," $1,930,681.00 ",,,,,,
391,Naz Reid\reidna01,MIN," $1,782,621.00 "," $1,930,681.00 ",,,,,,
392,Jaylen Nowell\nowelja01,MIN," $1,782,621.00 "," $1,930,681.00 ",,,,,,
393,Vlatko Čančar\cancavl01,DEN," $1,782,621.00 ",,,,,,,
394,Dean Wade\wadede01,CLE," $1,782,621.00 "," $1,930,681.00 ",,,,,,
395,Jalen McDaniels\mcdanja01,CHO," $1,782,621.00 "," $1,930,681.00 ",,,,,,
396,Drew Eubanks\eubandr01,TOR," $1,762,796.00 ",,,,,,," $1,762,796.00 "
397,Chimezie Metu\metuch01,SAC," $1,762,796.00 "," $1,910,860.00 ",,,,,,
398,Yuta Watanabe\watanyu01,TOR," $1,762,769.00 ",,,,,,,
399,Svi Mykhailiuk\mykhasv01,TOR," $1,729,217.00 "," $1,878,720.00 ",,,,,Minimum Salary," $1,729,217.00 "
400,Keita Bates-Diop\bateske01,SAS," $1,729,217.00 "," $1,878,720.00 ",,,,,Minimum Salary," $1,729,217.00 "
401,Moritz Wagner\wagnemo01,ORL," $1,729,217.00 "," $1,878,720.00 ",,,,,Minimum Salary," $1,729,217.00 "
402,Thanasis Antetokounmpo\antetth01,MIL," $1,729,217.00 "," $1,878,720.00 ",,,,,Minimum Salary," $1,729,217.00 "
403,Isaac Bonga\bongais01,TOR," $1,729,217.00 ",,,,,,,
404,Isaiah Hartenstein\harteis01,LAC," $3,430,810.00 ",,,,,,,
405,Juan Toscano-Anderson\toscaju01,GSW," $1,701,593.00 ",,,,,,Minimum Salary," $1,701,593.00 "
406,Moses Brown\brownmo01,DAL," $1,701,593.00 ",,,,,,," $1,701,593.00 "
407,Oshae Brissett\brissos01,IND," $1,701,593.00 "," $1,846,738.00 ",,,,,,
408,Isaiah Hartenstein\harteis01,CLE," $3,430,810.00 ",,,,,,,
409,Herbert Jones\joneshe01,NOP," $1,700,000.00 "," $1,785,000.00 "," $1,836,096.00 ",,,,MLE," $3,485,000.00 "
410,Gabriel Deck\deckga01,OKC," $1,690,507.00 ",,,,,,Cap Space," $1,690,507.00 "
411,Jordan McLaughlin\mclaujo01,MIN," $1,669,178.00 "," $1,815,677.00 "," $1,968,182.00 ",,,,Early Bird," $5,453,037.00 "
412,Javonte Green\greenja02,CHI," $1,669,178.00 "," $1,815,677.00 ",,,,,Minimum Salary," $3,484,855.00 "
413,Max Strus\strusma01,MIA," $1,669,178.00 "," $1,815,677.00 ",,,,,Minimum Salary," $1,669,178.00 "
414,Gabe Vincent\vincega01,MIA," $1,669,178.00 "," $1,815,677.00 ",,,,,Minimum Salary," $1,669,178.00 "
415,Kevin Pangos\pangoke01,CLE," $1,669,178.00 ",,,,,,," $1,669,178.00 "
416,Matt Thomas\thomama02,CHI," $1,669,178.00 ",,,,,,Minimum Salary," $1,669,178.00 "
417,Xavier Sneed\sneedxa01,HOU," $1,563,518.00 ",,,,,,," $1,563,518.00 "
418,Vernon Carey Jr.\careyve01,WAS," $1,517,981.00 "," $1,782,621.00 "," $1,930,681.00 ",,,,Cap Space," $3,300,602.00 "
419,Xavier Tillman Sr.\tillmxa01,MEM," $1,517,981.00 "," $1,782,621.00 "," $1,930,681.00 ",,,,MLE," $3,300,602.00 "
420,Tyrell Terry\terryty01,DAL," $1,517,981.00 "," $1,782,621.00 ",,,,,," $3,300,602.00 "
421,Tre Jones\jonestr01,SAS," $1,517,981.00 "," $1,782,621.00 ",,,,,MLE," $1,517,981.00 "
422,Robert Woodard II\woodaro01,SAC," $1,517,981.00 ",,,,,,," $1,517,981.00 "
423,Jahmi'us Ramsey\ramseja01,SAC," $1,517,981.00 ",,,,,,," $1,517,981.00 "
424,CJ Elleby\ellebcj01,POR," $1,517,981.00 ",,,,,,Minimum Salary," $1,517,981.00 "
425,Elijah Hughes\hugheel01,POR," $1,517,981.00 ",,,,,,Minimum Salary," $1,517,981.00 "
426,Isaiah Joe\joeis01,PHI," $1,517,981.00 "," $1,782,621.00 ",,,,,MLE," $1,517,981.00 "
427,Naji Marshall\marshna01,NOP," $1,517,981.00 "," $1,782,621.00 "," $1,930,681.00 ",,,,MLE," $1,517,981.00 "
428,Jordan Nwora\nworajo01,MIL," $1,517,981.00 ",,,,,,Minimum Salary," $1,517,981.00 "
429,Nick Richards\richani01,CHO," $1,517,981.00 "," $1,782,621.00 ",,,,,Cap Space," $1,517,981.00 "
430,Anthony Gill\gillan01,WAS," $1,517,981.00 ",,,,,,,
431,Paul Reed\reedpa01,PHI," $1,517,981.00 "," $1,782,621.00 ",,,,,,
432,Kenyon Martin Jr.\martike04,HOU," $1,517,981.00 "," $1,782,621.00 "," $1,930,681.00 ",,,,,
433,Jae'Sean Tate\tateja01,HOU," $1,517,981.00 "," $1,782,621.00 ",,,,,,
434,Lamar Stevens\stevela01,CLE," $1,517,981.00 "," $1,782,621.00 "," $1,930,681.00 ",,,,,
435,Isaiah Todd\toddis01,WAS," $1,500,000.00 "," $1,563,518.00 "," $1,836,096.00 "," $1,988,598.00 ",,,MLE," $4,899,614.00 "
436,Saben Lee\leesa01,DET," $1,489,065.00 "," $1,752,638.00 "," $1,902,137.00 ",,,,Cap Space," $3,241,703.00 "
437,Omer Yurtseven\yurtsom01,MIA," $1,489,065.00 "," $1,752,638.00 ",,,,,Minimum Salary," $1,489,065.00 "
438,Armoni Brooks\brookar01,HOU," $1,489,065.00 ",,,,,,," $1,489,065.00 "
439,J.R. Smith\smithjr01,CLE," $1,456,666.00 ",,,,,,," $1,456,666.00 "
440,Danuel House Jr.\houseda01,HOU," $2,045,094.00 ",,,,,,," $1,387,498.00 "
441,Bismack Biyombo\biyombi01,PHO," $1,366,392.00 ",,,,,,Minimum Salary," $1,518,213.00 "
442,George Hill\hillge01,PHI," $4,000,000.00 "," $4,000,000.00 ",,,,,," $1,275,491.00 "
443,DeMarre Carroll\carrode01,SAS," $1,252,127.00 ",,,,,,," $1,252,127.00 "
444,JT Thor\thorjt01,CHO," $1,250,000.00 "," $1,563,518.00 "," $1,836,096.00 "," $1,988,598.00 ",,,Cap Space," $2,813,518.00 "
445,Garrison Mathews\mathega01,HOU," $1,093,598.00 "," $1,815,677.00 "," $1,968,182.00 "," $2,230,253.00 ",,,Cap Space," $1,093,598.00 "
446,Alfonzo McKinnie\mckinal01,CHI," $1,090,007.00 ",,,,,,," $1,292,183.00 "
447,Jabari Parker\parkeja01,BOS," $1,068,288.00 ",,,,,,," $1,168,288.00 "
448,Jason Preston\prestja01,LAC," $1,062,303.00 "," $1,563,518.00 "," $1,836,096.00 ",,,,Mini MLE," $2,625,821.00 "
449,Isaiah Livers\liveris01,DET," $1,057,260.00 "," $1,563,518.00 "," $1,836,096.00 ",,,,Cap Space," $2,620,778.00 "
450,Guerschon Yabusele\yabusgu01,BOS," $1,039,080.00 ",,,,,,," $1,039,080.00 "
451,Aaron Wiggins\wiggiaa01,OKC," $1,000,000.00 "," $1,563,518.00 "," $1,836,096.00 "," $1,988,598.00 ",,,Cap Space," $1,000,000.00 "
452,Kyle Singler\singlky01,OKC," $999,200.00 "," $999,200.00 ",,,,,," $1,998,400.00 "
453,Marquese Chriss\chrisma01,DAL," $958,529.00 "," $2,193,920.00 ",,,,,Minimum Salary," $3,486,820.00 "
454,Jared Butler\butleja02,UTA," $925,258.00 "," $1,563,518.00 ",,,,,Minimum Salary," $2,488,776.00 "
455,Greg Brown III\browngr01,POR," $925,258.00 "," $1,563,518.00 "," $1,836,096.00 ",,,,Mini MLE," $2,488,776.00 "
456,Miles McBride\mcbrimi01,NYK," $925,258.00 "," $1,563,518.00 "," $1,836,096.00 ",,,,Cap Space," $2,488,776.00 "
457,Brandon Boston Jr.\bostobr01,LAC," $925,258.00 "," $1,563,518.00 "," $1,836,096.00 ",,,,Mini MLE," $2,488,776.00 "
458,Marko Simonovic\simonma01,CHI," $925,258.00 "," $1,563,518.00 "," $1,836,096.00 ",,,,MLE," $2,488,776.00 "
459,Vit Krejci\krejcvi01,OKC," $925,258.00 "," $1,563,518.00 "," $1,836,096.00 "," $1,988,598.00 ",,,MLE," $1,707,017.00 "
460,Charles Bassey\bassech01,PHI," $925,258.00 "," $1,563,518.00 "," $1,836,096.00 ",,,,MLE," $1,000,000.00 "
461,Dalano Banton\bantoda01,TOR," $925,258.00 "," $1,563,518.00 ",,,,,Minimum Salary," $925,258.00 "
462,Jock Landale\landajo01,SAS," $925,258.00 "," $1,563,518.00 ",,,,,Minimum Salary," $925,258.00 "
463,Ayo Dosunmu\dosunay01,CHI," $925,258.00 "," $1,563,518.00 ",,,,,Minimum Salary," $925,258.00 "
464,Austin Reaves\reaveau01,LAL," $925,258.00 ",,,,,,,
465,Luka Garza\garzalu01,DET," $925,258.00 ",,,,,,,
466,Lance Stephenson\stephla01,IND," $924,730.00 ",,,,,,Minimum Salary," $1,476,806.00 "
467,Stanley Johnson\johnsst04,LAL," $888,616.00 "," $2,351,521.00 ",,,,,Minimum Salary," $1,248,865.00 "
468,Miye Oni\onimi01,OKC," $850,331.00 ",,,,,,," $850,331.00 "
469,Wayne Selden\seldewa01,NYK," $785,102.00 ",,,,,,," $785,102.00 "
470,Brad Wanamaker\wanambr01,IND," $705,598.00 ",,,,,,," $705,598.00 "
471,Alize Johnson\johnsal02,CHI," $705,598.00 ",,,,,,," $705,598.00 "
472,Shaun Livingston\livinsh01,GSW," $666,666.00 ",,,,,,," $666,666.00 "
473,Sam Merrill\merrisa01,MEM," $663,024.00 ",,,,,,Minimum Salary," $663,024.00 "
474,Danuel House Jr.\houseda01,UTA," $2,045,094.00 ",,,,,,Minimum Salary," $991,967.00 "
475,DeMarcus Cousins\couside01,MIL," $607,285.00 ",,,,,,," $607,285.00 "
476,Luke Kornet\kornelu01,BOS," $606,702.00 ",,,,,,Minimum Salary," $606,702.00 "
477,DeAndre' Bembry\bembrde01,MIL," $2,541,217.00 ",,,,,,Minimum Salary," $601,867.00 "
478,Ryan Arcidiacono\arcidry01,NYK," $586,136.00 ",,,,,,Minimum Salary," $791,798.00 "
479,Keifer Sykes\sykeske01,IND," $558,345.00 "," $1,563,518.00 ",,,,,,
480,Caleb Martin\martica02,MIA," $527,614.00 ",,,,,,Minimum Salary," $527,614.00 "
481,Georgios Kalaitzakis\kalaige01,MIL," $462,629.00 ",,,,,,," $462,629.00 "
482,Gary Clark\clarkga01,NOP," $377,645.00 ",,,,,,," $377,645.00 "
483,Sam Dekker\dekkesa01,TOR," $350,000.00 ",,,,,,," $350,000.00 "
484,Admiral Schofield\schofad01,OKC,,,,,,,," $300,000.00 "
485,Daishen Nix\nixda01,HOU," $292,466.00 "," $1,563,518.00 "," $1,836,096.00 "," $1,988,598.00 ",,,Minimum Salary," $5,680,678.00 "
486,Ish Wainright\wainris01,TOR,,,,,,,," $375,000.00 "
487,Bismack Biyombo\biyombi01,PHO," $1,366,392.00 ",,,,,,," $1,518,213.00 "
488,DeMarcus Cousins\couside01,DEN," $607,285.00 ",,,,,,," $455,463.00 "
489,DeMarcus Cousins\couside01,DEN," $607,285.00 ",,,,,,," $455,463.00 "
490,DeMarcus Cousins\couside01,DEN," $607,285.00 ",,,,,,," $455,463.00 "
491,Lance Stephenson\stephla01,IND," $924,730.00 ",,,,,,," $1,476,806.00 "
492,Lance Stephenson\stephla01,IND," $924,730.00 ",,,,,,," $1,476,806.00 "
493,Lance Stephenson\stephla01,IND," $924,730.00 ",,,,,,," $1,476,806.00 "
494,Lance Stephenson\stephla01,IND," $924,730.00 ",,,,,,," $1,476,806.00 "
495,Brandon Knight\knighbr03,DAL,,,,,,,," $138,019.00 "
496,Lance Stephenson\stephla01,ATL," $924,730.00 ",,,,,,," $138,019.00 "
497,Troy Williams\willitr02,HOU," $122,741.00 "," $122,741.00 ",,,,,," $245,482.00 "
498,Stanley Johnson\johnsst04,LAL," $888,616.00 "," $2,351,521.00 ",,,,,," $1,248,865.00 "
499,Stanley Johnson\johnsst04,LAL," $888,616.00 "," $2,351,521.00 ",,,,,," $1,248,865.00 "
500,Stanley Johnson\johnsst04,LAL," $888,616.00 "," $2,351,521.00 ",,,,,," $1,248,865.00 "
501,Stanley Johnson\johnsst04,CHI," $888,616.00 "," $2,351,521.00 ",,,,,," $120,083.00 "
502,Marquese Chriss\chrisma01,DAL," $958,529.00 "," $2,193,920.00 ",,,,,," $3,486,820.00 "
503,Marquese Chriss\chrisma01,DAL," $958,529.00 "," $2,193,920.00 ",,,,,," $3,486,820.00 "
504,Marquese Chriss\chrisma01,DAL," $958,529.00 "," $2,193,920.00 ",,,,,," $3,486,820.00 "
505,Danuel House Jr.\houseda01,UTA," $2,045,094.00 ",,,,,,," $991,967.00 "
506,Danuel House Jr.\houseda01,UTA," $2,045,094.00 ",,,,,,," $991,967.00 "
507,Danuel House Jr.\houseda01,UTA," $2,045,094.00 ",,,,,,," $991,967.00 "
508,Danuel House Jr.\houseda01,NYK," $2,045,094.00 ",,,,,,," $111,457.00 "
509,Ryan Arcidiacono\arcidry01,NYK," $586,136.00 ",,,,,,," $791,798.00 "
510,Ryan Arcidiacono\arcidry01,NYK," $586,136.00 ",,,,,,," $791,798.00 "
511,Luke Kornet\kornelu01,MIL," $606,702.00 ",,,,,,," $102,831.00 "
512,Luke Kornet\kornelu01,CLE," $606,702.00 ",,,,,,," $102,831.00 "
513,Alfonzo McKinnie\mckinal01,CHI," $1,090,007.00 ",,,,,,," $1,292,183.00 "
514,Alfonzo McKinnie\mckinal01,CHI," $1,090,007.00 ",,,,,,," $1,292,183.00 "
515,Jabari Parker\parkeja01,BOS," $1,068,288.00 ",,,,,,," $1,168,288.00 "
516,Theo Pinson\pinsoth01,DAL,,,,,,,," $197,076.00 "
517,Brad Wanamaker\wanambr01,WAS," $705,598.00 ",,,,,,," $99,380.00 "
518,Alize Johnson\johnsal02,WAS," $705,598.00 ",,,,,,," $99,380.00 "
519,Brandon Goodwin\goodwbr01,CLE,,,,,,,," $99,380.00 "
520,Theo Pinson\pinsoth01,DAL,,,,,,,," $197,076.00 "
521,Davon Reed\reedda01,DEN,,,,,,,," $286,164.00 "
522,Davon Reed\reedda01,DEN,,,,,,,," $286,164.00 "
523,Kyle Guy\guyky01,MIA,,,,,,,," $191,860.00 "
524,Kyle Guy\guyky01,MIA,,,,,,,," $191,860.00 "
525,Charlie Brown Jr.\brownch02,PHI,,,,,,,," $95,930.00 "
526,Miye Oni\onimi01,NOP," $850,331.00 ",,,,,,," $95,930.00 "
527,Quinndary Weatherspoon\weathqu01,GSW,,,,,,,," $95,930.00 "
528,Charlie Brown Jr.\brownch02,DAL,,,,,,,," $95,930.00 "
529,Davon Reed\reedda01,DEN,,,,,,,," $286,164.00 "
530,Demetrius Jackson\jacksde01,BOS," $92,857.00 "," $92,857.00 "," $92,857.00 ",,,,," $278,571.00 "
531,Haywood Highsmith\highsha01,MIA," $85,578.00 ",,,,,,," $171,156.00 "
532,Haywood Highsmith\highsha01,MIA," $85,578.00 ",,,,,,Minimum Salary," $171,156.00 "
533,Admiral Schofield\schofad01,ORL,,,,,,,," $169,706.00 "
534,Emanuel Terry\terryem01,PHO," $85,578.00 ",,,,,,Minimum Salary," $85,578.00 "
535,Tyrell Terry\terryty01,MEM," $1,517,981.00 "," $1,782,621.00 ",,,,,," $85,578.00 "
536,Admiral Schofield\schofad01,ORL,,,,,,,," $169,706.00 "
537,Xavier Sneed\sneedxa01,MEM," $1,563,518.00 ",,,,,,," $53,176.00 "
538,Malcolm Hill\hillma01,CHI,,,,,,,," $53,176.00 "
539,Malcolm Hill\hillma01,ATL,,,,,,,," $53,176.00 "